ID,Age,Gender,Hand
P0001,22,other,right
28.8046,32,14420.575334374998,17
P0002,22,other,right
24.8605,32,12609.273453124999,19
